{"stats":{"minecraft:dropped":{"minecraft:wheat_seeds":1},"minecraft:picked_up":{"minecraft:wheat_seeds":1},"minecraft:custom":{"minecraft:jump":51,"minecraft:time_since_rest":2865,"minecraft:leave_game":1,"minecraft:sprint_one_cm":4863,"minecraft:play_time":2865,"minecraft:walk_on_water_one_cm":2080,"minecraft:time_since_death":2865,"minecraft:walk_one_cm":1135,"minecraft:total_world_time":2865,"minecraft:walk_under_water_one_cm":189,"minecraft:swim_one_cm":1414,"minecraft:drop":1,"minecraft:fall_one_cm":2090,"minecraft:fly_one_cm":15145},"minecraft:mined":{"minecraft:grass":5}},"DataVersion":3465}