{"stats":{"minecraft:picked_up":{"minecraft:wheat_seeds":1,"minecraft:dirt":1},"minecraft:dropped":{"minecraft:wheat_seeds":1},"minecraft:custom":{"minecraft:jump":86,"minecraft:time_since_rest":8341,"minecraft:leave_game":2,"minecraft:play_time":8341,"minecraft:sprint_one_cm":9121,"minecraft:time_since_death":8341,"minecraft:walk_on_water_one_cm":2080,"minecraft:walk_one_cm":1779,"minecraft:total_world_time":8341,"minecraft:walk_under_water_one_cm":189,"minecraft:swim_one_cm":1414,"minecraft:fall_one_cm":2984,"minecraft:drop":1,"minecraft:fly_one_cm":22629},"minecraft:mined":{"minecraft:grass":5,"minecraft:grass_block":1},"minecraft:used":{"farmersdelight:black_canvas_sign":1,"farmersdelight:cooking_pot":1,"minecraft:dirt":1}},"DataVersion":3465}